{"cameraMode":{"drawMode":0,"name":"Shaded","section":"Shading Mode"},"sceneLighting":true,"audioPlay":false,"sceneViewState":{"showFog":true,"showMaterialUpdate":false,"showSkybox":true,"showFlares":true,"showImageEffects":true,"showParticleSystems":true},"in2DMode":false,"pivot":{"x":-3.659543991088867,"y":-0.029491424560546876,"z":-14.231831550598145},"rotation":{"x":-0.3982028067111969,"y":-0.5140356421470642,"z":0.2918044328689575,"w":-0.7014675140380859},"size":55.96399688720703,"orthographic":false}